{"cameraMode":{"drawMode":0,"name":"Shaded","section":"Shading Mode"},"sceneLighting":true,"audioPlay":false,"sceneViewState":{"m_AlwaysRefresh":false,"showFog":true,"showSkybox":true,"showFlares":true,"showImageEffects":true,"showParticleSystems":true,"showVisualEffectGraphs":true,"m_FxEnabled":true},"in2DMode":false,"pivot":{"x":354.2672119140625,"y":102.25130462646485,"z":257.54547119140627},"rotation":{"x":0.06217280030250549,"y":0.9312392473220825,"z":-0.19003045558929444,"w":0.30467674136161806},"size":25.32969093322754,"orthographic":false}